species,ate,se,ci_lower,ci_upper,pvalue,residuals
Arborophila davidi,0.28082549215192165,0.31453254435612793,-0.3356582947860891,0.8973092790899324,0.371945833120475,"(array([-0.23737334, -0.25396068, -0.25396068, -0.30024569, -0.23737334,
       -0.3007418 , -0.30024569, -0.30024569, -0.30024569, -0.29328176,
       -0.24438994, -0.28690695, -0.26101157, -0.29600647, -0.24812326,
       -0.26349258, -0.26349258, -0.29738492, -0.26635051, -0.29738492,
       -0.25225924, -0.25225924, -0.26635051, -0.25225924, -0.29738492,
       -0.2284386 , -0.22748269,  0.7715614 , -0.22748269, -0.24083535,
        0.79266492,  0.79266492,  0.77604161,  0.79266492, -0.22460021,
        0.77997735, -0.2220064 ,  0.76861538,  0.77580062, -0.23319205,
        0.80976654, -0.29438985,  0.80976654, -0.29438985, -0.23631225,
       -0.23631225, -0.29438985, -0.19023346, -0.29438985,  0.77442217,
        0.52978806,  0.48558486,  0.48558486,  0.4745392 ,  0.52978806,
       -0.5227974 ,  0.52978806,  0.52978806,  0.52978806, -0.47021194,
        0.4910608 ,  0.522358  ,  0.42272748,  0.49503559,  0.42134904,
        0.51445183,  0.51445183,  0.45935661,  0.45935661,  0.51445183,
        0.44556203,  0.4872863 ,  0.51445183,  0.44556203,  0.4872863 ,
       -0.47038737, -0.49542254,  0.50457746, -0.49608759, -0.47038737,
       -0.49542254, -0.49608759, -0.50128981, -0.49542254, -0.49275123,
       -0.44207824, -0.49377002, -0.49183908, -0.43121704, -0.49322683,
       -0.52439971,  0.50041164, -0.49958836,  0.58771094, -0.54081883,
       -0.49322683,  0.58771094, -0.54081883, -0.54081883, -0.54081883]), array([-0.03522811, -0.03542847, -0.03542847, -0.04129423, -0.03522811,
       -0.03818154, -0.04129423, -0.04129423, -0.04129423, -0.02979917,
       -0.02832639, -0.02731128, -0.02379255, -0.02732509, -0.02355434,
       -0.0258298 , -0.0258298 , -0.02732509, -0.02379255, -0.02732509,
       -0.02355434, -0.02355434, -0.02379255, -0.02355434, -0.02732509,
       -0.04737466, -0.04280659, -0.04737466, -0.04280659, -0.04189216,
       -0.03537155, -0.03537155,  0.9850934 , -0.03537155, -0.04481766,
       -0.03249188, -0.03472131, -0.03001804, -0.03340552, -0.02393599,
       -0.03045485, -0.01122817, -0.03045485, -0.01122817, -0.02393599,
       -0.02393599, -0.01122817, -0.03045485, -0.01122817, -0.03340552,
       -0.01272961, -0.04286333, -0.04286333, -0.03162268, -0.01272961,
       -0.04337739, -0.01272961, -0.01272961,  0.98727039, -0.01047557,
       -0.03485544, -0.00905119, -0.02799234, -0.0309892 , -0.02799234,
       -0.03102565, -0.03102565, -0.00905119, -0.00905119, -0.03102565,
       -0.02018713, -0.0309892 , -0.03102565, -0.02018713, -0.0309892 ,
       -0.01933278, -0.03176612, -0.03176612, -0.04815411, -0.01933278,
       -0.03176612, -0.04815411, -0.04932703,  0.96823388, -0.04278972,
       -0.03768774, -0.04014688, -0.0374529 , -0.0356507 , -0.03418497,
       -0.02033056, -0.0374529 , -0.0374529 , -0.0356507 , -0.01565436,
       -0.03418497, -0.0356507 , -0.01565436, -0.01565436, -0.01565436]))"
Carpococcyx renauldi,0.00058142616819364,0.0071151232602031985,-0.013364215421804628,0.01452706775819191,0.9348717996795994,"(array([-0.02938501, -0.01402091, -0.01549816, ..., -0.0003125 ,
       -0.01361435, -0.00238675], shape=(2025,)), array([-0.03807952, -0.03498157, -0.03928972, ..., -0.03386757,
       -0.03150306, -0.03386757], shape=(2025,)))"
Chelonia mydas,0.014243618324862529,0.0064505697392376,0.001600501635956833,0.026886735013768225,0.027236057484072873,"(array([-0.00120576, -0.00120576, -0.00108749, ..., -0.00107657,
       -0.00147267, -0.00249828], shape=(82650,)), array([-0.00722486, -0.00722486, -0.00701562, ..., -0.00553879,
       -0.00392805, -0.00390766], shape=(82650,)))"
Crocodylus siamensis,0.0027898920462436443,0.004880684993164523,-0.006776250540358821,0.01235603463284611,0.5675801523376365,"(array([ 0.00000000e+00, -2.27894257e-06, -2.27894257e-06, ...,
        0.00000000e+00,  0.00000000e+00,  0.00000000e+00], shape=(6325,)), array([-0.02450671, -0.02515654, -0.02515654, ..., -0.00895904,
       -0.0091531 , -0.00895904], shape=(6325,)))"
Cuora trifasciata,-0.0022662113095195512,0.0022871726186525962,-0.00674906964207864,0.0022166470230395377,0.32176602174951596,"(array([ 0.        ,  0.        ,  0.        , ..., -0.01345469,
       -0.01985555, -0.03523844], shape=(1025,)), array([-0.03610448, -0.03216715, -0.03610448, ..., -0.03394894,
       -0.02964468, -0.02879672], shape=(1025,)))"
Elephas maximus,0.026403830766499232,0.013875036359902221,-0.000791240498909121,0.053598902031907585,0.057043963092821226,"(array([-0.00708019, -0.00080659, -0.00104468, ...,  0.28992576,
        0.3229925 ,  0.3229925 ], shape=(7750,)), array([-0.02931191, -0.0323315 , -0.0323315 , ..., -0.02684351,
       -0.0280463 , -0.02797507], shape=(7750,)))"
Lophura edwardsi,-0.002370588094651536,0.008532922834391572,-0.019095116850059015,0.014353940660755942,0.781153104055031,"(array([ 0.00000000e+00, -2.70586932e-02, -2.89985977e-02, -3.10529111e-02,
       -2.89985977e-02, -1.90575699e-02, -5.53680940e-03,  0.00000000e+00,
        0.00000000e+00,  0.00000000e+00,  0.00000000e+00,  0.00000000e+00,
        0.00000000e+00,  0.00000000e+00,  0.00000000e+00,  0.00000000e+00,
        0.00000000e+00,  0.00000000e+00,  0.00000000e+00,  0.00000000e+00,
        0.00000000e+00,  0.00000000e+00,  0.00000000e+00,  0.00000000e+00,
        0.00000000e+00,  0.00000000e+00, -2.89985977e-02, -2.89985977e-02,
        0.00000000e+00, -3.15147535e-02, -2.05972791e-02, -1.09937447e-02,
        0.00000000e+00,  0.00000000e+00,  0.00000000e+00,  0.00000000e+00,
        0.00000000e+00,  0.00000000e+00,  0.00000000e+00,  0.00000000e+00,
        0.00000000e+00,  0.00000000e+00,  0.00000000e+00,  0.00000000e+00,
        0.00000000e+00,  0.00000000e+00,  0.00000000e+00,  0.00000000e+00,
        0.00000000e+00,  0.00000000e+00, -2.70586932e-02, -3.15147535e-02,
       -2.70586932e-02, -3.10529111e-02, -2.66740778e-02, -2.05972791e-02,
       -1.09937447e-02, -9.09090909e-04,  0.00000000e+00,  0.00000000e+00,
        0.00000000e+00,  0.00000000e+00,  0.00000000e+00,  0.00000000e+00,
        0.00000000e+00,  0.00000000e+00,  0.00000000e+00,  0.00000000e+00,
        0.00000000e+00,  0.00000000e+00,  0.00000000e+00,  0.00000000e+00,
        0.00000000e+00,  0.00000000e+00,  0.00000000e+00, -2.89985977e-02,
       -2.89985977e-02, -3.10529111e-02, -3.15147535e-02,  0.00000000e+00,
       -1.90575699e-02,  0.00000000e+00,  0.00000000e+00,  0.00000000e+00,
        0.00000000e+00,  0.00000000e+00,  0.00000000e+00,  0.00000000e+00,
        0.00000000e+00,  0.00000000e+00,  0.00000000e+00,  0.00000000e+00,
        0.00000000e+00,  0.00000000e+00,  0.00000000e+00,  0.00000000e+00,
        0.00000000e+00,  0.00000000e+00,  0.00000000e+00,  0.00000000e+00,
        0.00000000e+00, -3.15147535e-02, -2.70586932e-02, -2.70586932e-02,
       -2.89985977e-02, -1.90575699e-02, -7.74873072e-03, -9.09090909e-04,
        0.00000000e+00,  0.00000000e+00,  0.00000000e+00,  0.00000000e+00,
        0.00000000e+00,  0.00000000e+00,  0.00000000e+00,  0.00000000e+00,
        0.00000000e+00,  0.00000000e+00,  0.00000000e+00,  0.00000000e+00,
        0.00000000e+00,  0.00000000e+00,  0.00000000e+00,  0.00000000e+00,
        0.00000000e+00,  1.00000000e+00, -3.56144991e-02, -3.56144991e-02,
       -3.56144991e-02, -3.22162630e-02, -2.82888847e-02, -1.22143203e-02,
        0.00000000e+00,  0.00000000e+00, -5.54218524e-03, -3.92856895e-03,
        0.00000000e+00, -5.07456344e-03, -4.09974557e-03, -4.09974557e-03,
       -5.07456344e-03, -4.09974557e-03,  0.00000000e+00, -3.92856895e-03,
       -3.92856895e-03, -4.09974557e-03, -5.54218524e-03,  0.00000000e+00,
       -3.92856895e-03, -5.54218524e-03, -3.61274745e-02, -3.26008784e-02,
       -3.29271667e-02, -3.61274745e-02, -3.61274745e-02, -2.46970246e-02,
       -1.50934903e-02, -5.07456344e-03, -5.07456344e-03, -3.92856895e-03,
       -5.54218524e-03, -3.92856895e-03, -5.07456344e-03,  0.00000000e+00,
       -3.92856895e-03, -5.54218524e-03,  0.00000000e+00, -4.09974557e-03,
       -3.92856895e-03, -5.54218524e-03,  0.00000000e+00,  0.00000000e+00,
       -5.54218524e-03, -5.07456344e-03, -5.54218524e-03]), array([-0.12016942, -0.13431531, -0.12559608, -0.11546707, -0.12559608,
       -0.11546707,  0.86605571, -0.11797181, -0.11621667,  0.89700386,
       -0.08342488, -0.09952302, -0.07169827, -0.08082304, -0.08380525,
       -0.07169827, -0.07169827, -0.07030102, -0.07126328, -0.07126328,
       -0.07545987, -0.07545987, -0.07383744, -0.07427406, -0.07126328,
       -0.12466469, -0.12600729, -0.12600729, -0.12466469, -0.11727965,
       -0.12261298,  0.87738702, -0.13435551, -0.12466469,  0.89911326,
       -0.07919615, -0.10269064, -0.07954375, -0.10008453, -0.08308352,
       -0.08308352, -0.07169423, -0.07125924, -0.0665631 , -0.07876933,
       -0.07125924, -0.0665631 , -0.07876933, -0.07119838, -0.0665631 ,
       -0.14193936, -0.12791405, -0.14193936, -0.12129656, -0.14193936,
       -0.13324738,  0.86675262,  0.85806064, -0.14193936, -0.10921001,
       -0.08420829, -0.09143659, -0.08751941, -0.09610966, -0.08423245,
       -0.08420829, -0.08420829, -0.09107381, -0.09044881, -0.09044881,
       -0.07699739, -0.08689472, -0.07699739, -0.07991826, -0.08689472,
       -0.12465291, -0.12465291, -0.11724649, -0.12103084, -0.1199192 ,
       -0.11724649,  0.8800808 ,  0.86699888, -0.11799609, -0.1159715 ,
       -0.09857985, -0.08024409, -0.08448679, -0.08448679, -0.07901382,
       -0.08647409, -0.07806624, -0.07614141, -0.07289428, -0.07109327,
       -0.07109327, -0.07289428, -0.07289428, -0.07289428, -0.07614141,
       -0.12441447, -0.11831673, -0.12428966, -0.12428966, -0.12506412,
       -0.11157207,  0.87571034, -0.12428966,  0.86971266, -0.10402918,
       -0.07920511, -0.07920511, -0.07273131, -0.07273131, -0.07527591,
       -0.08964172, -0.07951101, -0.07229632, -0.0760619 , -0.07558854,
       -0.07558854, -0.07187992, -0.07558854, -0.07558854, -0.07558854,
       -0.13018692, -0.1333933 , -0.1333933 , -0.1333933 , -0.16467934,
       -0.16467934,  0.8700522 ,  0.86981308,  0.87104323, -0.15060132,
       -0.13737095, -0.09732044, -0.09622405,  0.90537496, -0.09462504,
       -0.09408329,  0.90537496, -0.08580212, -0.11141614, -0.11141614,
       -0.09419005, -0.11392579, -0.08580212, -0.11141614, -0.11392579,
       -0.12583016, -0.16467934, -0.15154848, -0.12583016, -0.12583016,
       -0.13872663, -0.13872663,  0.8700522 ,  0.87180734, -0.15207612,
       -0.12722829, -0.13737095, -0.09622405, -0.09548577, -0.12499596,
       -0.12242644,  0.90988369, -0.09419005, -0.11141614, -0.11392579,
       -0.08580212, -0.08580212, -0.11392579, -0.08570202, -0.11392579]))"
Panthera tigris,-6.215964155529943e-05,0.002692694564876865,-0.005339840988713955,0.005215521705603356,0.9815828299430462,"(array([-0.00046045, -0.0009985 , -0.00098774, ..., -0.01679084,
       -0.02710908, -0.02850753], shape=(36400,)), array([-0.03580072, -0.03150824, -0.03546813, ..., -0.00478718,
       -0.00406651, -0.00403942], shape=(36400,)))"
Pongo abelii,-0.04533456062227846,0.052763891036570906,-0.14875178705395742,0.05808266580940051,0.3902320082744066,"(array([-6.52373268e-03, -7.63881295e-03, -8.28974512e-03, -7.63881295e-03,
       -6.52373268e-03, -6.52373268e-03, -1.20551004e-02, -8.95937490e-03,
       -4.97464822e-03, -1.08812319e-02, -3.18609743e-03, -3.64648294e-03,
       -2.35037638e-03, -2.85608549e-02, -6.67354918e-02, -2.25982798e-02,
       -8.70479095e-03, -8.96284638e-02, -8.70479095e-03, -4.38267023e-02,
       -9.91927886e-02, -1.04561478e-01, -4.52474298e-02, -2.15532057e-02,
       -4.52474298e-02, -2.59832929e-01, -3.23045199e-01, -3.23045199e-01,
       -3.23045199e-01, -3.23045199e-01, -2.58994693e-01, -2.98764587e-01,
       -2.42605596e-01, -2.99867513e-01, -2.54580814e-01, -3.35581834e-01,
       -3.34936673e-01, -3.30146006e-01, -3.46250778e-01, -3.18188036e-01,
       -3.20021369e-01, -3.44555542e-01, -3.46016224e-01, -3.24807171e-01,
       -3.23696060e-01, -3.44682890e-01, -3.42002990e-01, -3.23395985e-01,
       -3.63815605e-01, -3.23395985e-01, -6.62588626e-03, -6.52373268e-03,
       -6.62588626e-03, -7.63881295e-03, -2.83297745e-03, -8.28974512e-03,
       -6.52373268e-03, -8.94114927e-03, -4.97464822e-03, -8.99308828e-03,
       -8.95577285e-03, -3.64648294e-03, -1.01001301e-02, -2.85608549e-02,
       -1.96035658e-02, -1.34669431e-02, -3.75341798e-02, -8.70479095e-03,
       -4.38267023e-02, -8.70479095e-03, -2.15532057e-02, -1.04561478e-01,
       -1.04561478e-01, -4.52474298e-02, -2.28335079e-02, -3.37170131e-03,
       -1.75370636e-03, -1.75370636e-03, -1.75370636e-03, -2.53346602e-03,
       -3.11066654e-03, -3.92394975e-03, -2.85577973e-03, -7.70113584e-03,
       -5.73048404e-03, -4.44167203e-03, -5.73048404e-03, -2.14988788e-02,
       -3.52226086e-02, -8.56457316e-02, -2.93539046e-02, -1.01610698e-01,
        9.65365906e-01, -3.46340939e-02, -8.46083376e-02, -3.54924787e-02,
       -3.46340939e-02, -3.77919886e-02, -4.09247425e-02, -1.35098156e-01,
       -4.38510273e-01, -4.13084645e-01,  7.29978324e-01,  6.17226814e-01,
        5.95306975e-01, -3.82687472e-01, -2.65828767e-01, -2.65828767e-01,
       -4.10378855e-01,  5.84529712e-01,  5.85435083e-01, -4.25827116e-01,
       -4.50996682e-01,  5.33045388e-01,  5.14085724e-01,  5.10811164e-01,
        4.92644107e-01,  5.00762596e-01,  5.00762596e-01,  5.00347458e-01,
        4.92644107e-01, -4.93862069e-01,  5.22404833e-01,  5.22404833e-01,
        4.93123099e-01, -6.71532976e-02, -6.71532976e-02, -6.71532976e-02,
       -5.94884285e-02, -1.57473581e-02, -1.53473581e-02,  9.84652642e-01,
       -6.61116690e-02, -6.12449102e-02, -2.96665725e-02, -6.76231928e-02,
       -8.70343493e-02, -9.89519179e-02, -8.05186821e-02,  9.18996316e-01,
       -1.28361350e-01, -1.30473861e-01, -1.06892686e-01, -6.82716538e-02,
       -6.82716538e-02, -8.56577108e-02, -1.06892686e-01,  9.31473677e-01,
       -6.85263227e-02, -1.45505767e-01, -2.95368161e-03, -7.11145966e-03,
       -5.77235772e-04, -2.41206710e-03, -5.77235772e-04, -2.95368161e-03,
       -3.13963602e-03, -2.89400922e-03, -6.07724508e-03, -2.58925285e-03,
       -1.65919532e-02, -6.49235663e-03, -8.57345496e-03, -2.02633069e-02,
       -1.94829095e-02, -2.28111767e-02, -9.13245614e-02, -3.38873505e-02,
       -8.38120679e-02, -1.21262182e-01, -3.46340939e-02, -8.35119929e-02,
       -3.93196143e-02, -8.35119929e-02, -1.24812020e-01, -4.11908174e-01,
       -4.11908174e-01,  5.64443136e-01, -4.35556864e-01, -4.03064321e-01,
       -4.35556864e-01, -4.35912990e-01, -4.05053569e-01,  5.63697998e-01,
       -4.42617791e-01,  5.72836477e-01,  5.75349355e-01,  6.60548074e-01,
        5.90758556e-01,  5.30983412e-01,  5.25534052e-01,  5.20720258e-01,
        5.21789917e-01,  4.96625721e-01,  5.00762596e-01, -4.98319209e-01,
        5.23201103e-01,  5.02939965e-01,  5.23201103e-01,  4.97104712e-01,
       -6.58187112e-02, -5.13308479e-02, -6.58187112e-02, -5.13308479e-02,
       -5.86184005e-02, -5.86184005e-02, -5.19822521e-02, -1.39958669e-02,
       -7.09118481e-02, -7.85262083e-02, -7.66007493e-02, -7.09004306e-02,
       -7.60599393e-02, -1.14396139e-01, -1.07013782e-01, -9.22651699e-02,
       -6.82716538e-02, -1.27047803e-01, -1.30593970e-01, -1.36932489e-01,
       -1.27653864e-01, -1.33746301e-01, -6.85263227e-02, -8.56577108e-02,
       -1.33746301e-01, -2.00793651e-03, -2.00793651e-03, -3.38244523e-03,
       -5.35087325e-03, -1.92222222e-03, -2.25009228e-03, -1.10437710e-03,
       -4.23933960e-03, -7.42257546e-03, -1.99814693e-03, -1.53580474e-02,
       -6.08822604e-03, -3.63329822e-03, -1.31791770e-02, -1.95517465e-02,
       -2.42375326e-02, -9.00906555e-02, -8.34079373e-02, -8.34079373e-02,
       -1.20028277e-01, -1.18521924e-01, -8.31078623e-02,  9.62885816e-01,
       -8.31078623e-02, -8.31078623e-02, -3.38244523e-03, -3.85855415e-03,
       -5.87755378e-03, -3.38244523e-03, -2.08464497e-03, -3.85855415e-03,
       -4.76764506e-03, -1.68464497e-03, -5.87057123e-03, -9.09867609e-03,
       -5.87057123e-03, -5.87057123e-03, -1.91262478e-02, -1.31791770e-02,
       -1.87482630e-02, -6.64830744e-02, -3.00885678e-02, -3.79154123e-02,
       -3.16819206e-02, -1.20028277e-01, -1.18521924e-01, -3.71141844e-02,
       -4.10733070e-02, -4.10733070e-02, -1.23578114e-01]), array([-0.06620068, -0.08789951, -0.0804752 , -0.08789951, -0.06620068,
       -0.06689432, -0.09340454, -0.08789951,  0.93722025, -0.09475213,
       -0.08151092, -0.07339896, -0.07268154,  0.93301234, -0.06364701,
       -0.08332287,  0.92261104, -0.05611666, -0.07406134, -0.08332287,
       -0.05611666, -0.05611666, -0.08332287, -0.07980623, -0.08332287,
       -0.08667199, -0.06236695,  0.93763305, -0.06236695, -0.06236695,
       -0.08667199, -0.06855706, -0.07868056, -0.06959278, -0.08254263,
       -0.06579923,  0.93012227, -0.07308143, -0.07308143, -0.0794231 ,
       -0.0794231 , -0.06609584, -0.07695825, -0.07270754, -0.07270754,
       -0.07695825, -0.07695825, -0.072068  , -0.05312641, -0.072068  ,
       -0.06306333, -0.06620068, -0.06306333, -0.08789951, -0.06306333,
       -0.0804752 , -0.06689432, -0.0804752 ,  0.93722025, -0.06277975,
       -0.09475213,  0.92660104, -0.0912239 ,  0.93301234, -0.08716133,
       -0.070686  ,  0.91667713, -0.07406134, -0.08332287, -0.07406134,
       -0.07980623, -0.05611666, -0.05611666, -0.08332287, -0.05785558,
       -0.06623266, -0.06187299, -0.06187299, -0.06187299, -0.06623266,
        0.94925328, -0.05074672, -0.06187299, -0.05870174, -0.06722938,
       -0.06093347,  0.92797121, -0.06144865, -0.06144865, -0.058108  ,
       -0.06009246, -0.0552955 , -0.05676485, -0.05676485, -0.04911818,
       -0.04956724, -0.05444342, -0.05444342, -0.04956724, -0.05148277,
       -0.05738799, -0.05918715, -0.05737765, -0.05859662, -0.07323785,
       -0.05859662, -0.05662445, -0.05662445, -0.07423457, -0.06022286,
       -0.06245869,  0.93628848, -0.06371152, -0.07637899, -0.05728541,
       -0.06352411, -0.06111688, -0.05395779, -0.05395779, -0.06352411,
       -0.04983378, -0.05137657, -0.05272681, -0.05272681, -0.04983378,
       -0.07609691, -0.07609691, -0.07609691, -0.06284704, -0.06131349,
       -0.06131349, -0.06102991, -0.07574603, -0.06670911, -0.06102991,
       -0.06670911,  0.93158   , -0.06770259,  0.93158582, -0.06566437,
       -0.06570704, -0.06570704, -0.06566437, -0.06236866, -0.06236866,
       -0.05699651, -0.06566437, -0.06109534, -0.06109534, -0.05436682,
       -0.04852769, -0.05387676, -0.05359508, -0.04883314, -0.05359508,
       -0.04922133, -0.04883314, -0.05724981, -0.05859741, -0.0546308 ,
       -0.05291522,  0.94303383, -0.0525958 , -0.0525958 , -0.05321063,
       -0.05549671, -0.04872183, -0.04657594, -0.04917828, -0.0449091 ,
       -0.04953631, -0.04853874, -0.04619619, -0.04853874, -0.0449091 ,
       -0.05054561, -0.05054561, -0.04768722, -0.04768722, -0.06354205,
       -0.04838086, -0.04838086, -0.06319117, -0.0511195 , -0.0511195 ,
       -0.06453877,  0.94493003, -0.05315278, -0.05315278, -0.05100444,
       -0.0572381 , -0.04819194, -0.05249622, -0.04573546, -0.04868705,
       -0.05969931, -0.05185668, -0.05969931, -0.05185668, -0.04573546,
       -0.06869262, -0.06002425, -0.06869262, -0.06002425, -0.0596127 ,
       -0.0596127 , -0.06002425, -0.0556078 , -0.05480928, -0.06968934,
       -0.06968934, -0.06777994, -0.07381933, -0.05825779, -0.05568791,
       -0.06093137, -0.05901417, -0.04964037, -0.04815756, -0.04815756,
       -0.0487783 , -0.0487783 , -0.05475806, -0.05573586, -0.0487783 ,
       -0.04646509, -0.04646509, -0.0569153 , -0.04270556, -0.04646509,
       -0.0569153 , -0.04416461, -0.05656442, -0.05791202, -0.04690325,
       -0.04174402, -0.05459812, -0.04724062, -0.06229171, -0.05073689,
       -0.04535746, -0.03891427, -0.04831023, -0.04831023,  0.96489845,
       -0.03510155, -0.04767069, -0.04198872, -0.04767069, -0.04767069,
       -0.0569153 , -0.04835536, -0.04270556, -0.0569153 , -0.04270556,
       -0.04835536, -0.04835536, -0.04174402, -0.04835536, -0.05791202,
       -0.04835536, -0.05184402, -0.04387512, -0.06229171, -0.05481132,
       -0.05067531, -0.04535746, -0.04733231, -0.04236847, -0.03510155,
       -0.03510155, -0.04198872, -0.04603238, -0.04603238, -0.03510155]))"
Rhacophorus catamitus,-0.02878377840621895,0.010505628625366688,-0.049374810511937664,-0.00819274630050024,0.006146844378019045,"(array([-1.22681190e-02, -3.55823971e-02, -3.12115895e-02, -1.04803717e-02,
       -1.22681190e-02, -1.04803717e-02, -3.14684667e-02, -1.04803717e-02,
       -5.52346001e-02, -2.21860241e-02, -5.31389189e-02, -5.82832250e-02,
       -4.89857125e-02, -4.89723442e-02, -8.43225516e-02, -6.06602334e-02,
       -5.03708494e-02, -5.52294755e-02, -4.70054600e-02, -4.61226831e-02,
       -4.13198973e-02, -4.13198973e-02, -3.87790670e-02, -3.56422195e-02,
       -3.87790670e-02, -1.04803717e-02, -1.22681190e-02, -1.22681190e-02,
       -3.14893673e-02, -3.14893673e-02, -3.14684667e-02, -3.14684667e-02,
       -1.40292028e-02,  9.78473367e-01, -4.93823264e-02, -4.40764649e-02,
       -5.56092796e-02, -4.89857125e-02, -4.89857125e-02, -8.42946120e-02,
       -2.77297532e-02, -2.77297532e-02, -4.07319610e-02, -4.04247972e-02,
        9.92294712e-01, -1.60969193e-02, -1.57743387e-02, -7.70528812e-03,
       -4.13198973e-02, -4.13198973e-02, -3.46299054e-02, -3.32295388e-02,
       -3.46299054e-02, -3.46299054e-02, -3.46299054e-02, -1.37319781e-02,
       -3.34978849e-02, -1.37319781e-02, -5.06961182e-02, -6.14062247e-02,
       -3.01399512e-02, -7.28860776e-02, -7.89953086e-02, -3.21993571e-02,
       -9.53945951e-02, -6.92251480e-02, -5.79578637e-02, -4.00117686e-02,
       -3.19569016e-02, -4.30878034e-02, -2.92655405e-02, -3.96631857e-02,
       -3.78396450e-02, -1.79074093e-02, -1.73388528e-02, -1.21329411e-02,
       -5.31931511e-03, -5.31931511e-03, -5.31931511e-03, -1.21329411e-02,
       -3.91319909e-03, -1.21329411e-02, -5.31931511e-03, -1.65797730e-02,
       -2.17272883e-02, -1.65797730e-02, -1.65797730e-02, -1.70592438e-02,
       -1.70592438e-02, -8.03199060e-02, -4.54315995e-02, -9.02229262e-03,
       -3.78031064e-02, -3.33435162e-02, -3.15339924e-02, -2.49541179e-03,
       -1.74171478e-02, -1.74171478e-02, -2.49541179e-03, -9.40679687e-03,
       -3.18609826e-03, -6.27803419e-03, -2.43902439e-04, -3.18609826e-03,
       -7.04421304e-03, -2.43902439e-04, -9.10569106e-04, -2.98507463e-04,
       -3.39710154e-02, -3.39710154e-02, -2.35274427e-02, -3.49082391e-02,
       -1.64193389e-02, -3.85942725e-02, -6.26237231e-02, -5.94605449e-02,
       -3.81731353e-02, -3.02714194e-02, -3.39043710e-02, -3.20948472e-02,
       -8.51772223e-03, -8.95100069e-04, -4.29045660e-03, -4.29045660e-03,
       -8.80338598e-03, -7.16918930e-03, -3.50285222e-02, -7.16918930e-03,
       -3.38629869e-02, -7.16918930e-03, -3.64480872e-02, -7.16918930e-03,
       -3.53733498e-02,  9.80551405e-01, -5.00041141e-02, -6.90834136e-02,
       -7.43729613e-02, -6.75601191e-02, -8.07453503e-02,  9.33251054e-01,
       -5.93250394e-02, -4.74971150e-02, -3.89935403e-02, -4.55658613e-02,
       -3.90996715e-02, -1.79396721e-02, -1.81866637e-02, -1.63206245e-02,
       -3.96827822e-02, -4.14813675e-02, -6.81818182e-04,  0.00000000e+00,
       -2.10805625e-03, -5.71428571e-04, -5.15873016e-04, -2.10805625e-03,
       -1.37147335e-03, -2.45288383e-03, -1.56844973e-02, -4.00394274e-03,
        0.00000000e+00,  0.00000000e+00, -2.84732055e-02, -1.26155202e-02,
       -4.68444717e-02, -2.86720873e-02,  0.00000000e+00, -2.72350527e-02,
       -1.02324498e-02, -8.95100069e-04, -2.05245329e-03, -7.54901961e-04,
       -2.04599054e-03, -1.16427949e-03, -8.95100069e-04, -5.71428571e-04,
       -5.71428571e-04, -5.71428571e-04, -6.81818182e-04, -5.71428571e-04,
       -5.60675883e-04, -5.71428571e-04, -5.60675883e-04, -1.62702359e-02,
       -4.04874561e-03, -1.62702359e-02, -1.72074596e-02,  0.00000000e+00,
        0.00000000e+00,  1.00000000e+00,  0.00000000e+00,  0.00000000e+00,
       -2.09454249e-02, -1.10465397e-02, -9.75106438e-03, -2.11862368e-03,
       -1.83290940e-03, -7.54901961e-04, -8.83928571e-04, -1.83290940e-03,
       -3.18609826e-03, -2.43902439e-04, -7.04421304e-03, -6.27803419e-03,
       -2.98507463e-04, -2.43902439e-04, -2.98507463e-04, -9.10569106e-04,
       -2.40383701e-02, -3.39710154e-02, -1.07494320e-02, -1.07494320e-02,
        0.00000000e+00, -5.66283086e-02,  1.00000000e+00, -2.67390440e-02,
       -2.67390440e-02,  0.00000000e+00, -1.98686851e-02, -3.17547799e-02,
       -1.06576983e-02, -8.43301561e-03, -6.89867461e-03, -6.89867461e-03,
       -1.06576983e-02,  0.00000000e+00,  0.00000000e+00, -2.77777778e-04,
        0.00000000e+00,  0.00000000e+00,  0.00000000e+00, -2.77777778e-04,
        0.00000000e+00, -1.53292068e-02, -4.41185619e-03,  0.00000000e+00,
        0.00000000e+00, -2.68822964e-02, -9.65628633e-03, -4.94975505e-02,
       -3.31718282e-02,  0.00000000e+00, -2.14029247e-02,  0.00000000e+00,
       -7.16520039e-04, -1.66666667e-04, -1.66666667e-04, -8.57648099e-04,
       -5.92850915e-04, -6.25610948e-04, -3.22580645e-04,  0.00000000e+00,
        0.00000000e+00, -3.22580645e-04,  0.00000000e+00,  0.00000000e+00,
       -6.89655172e-04, -6.66666667e-04, -6.13141014e-03,  0.00000000e+00,
       -3.81065037e-03, -3.81065037e-03, -9.97886697e-03,  0.00000000e+00,
        0.00000000e+00, -2.26152541e-02, -2.65025799e-02, -1.93338858e-02,
       -4.42569199e-03, -9.16338140e-03, -8.95100069e-04, -3.12500000e-04,
       -9.23818488e-04, -8.95100069e-04, -9.23818488e-04, -2.77777778e-04,
        0.00000000e+00,  0.00000000e+00,  0.00000000e+00,  0.00000000e+00,
        0.00000000e+00, -2.77777778e-04, -6.66666667e-04, -5.54567160e-03,
       -3.76584750e-03, -4.41185619e-03, -2.05099074e-02, -6.47126208e-03,
       -1.01689287e-02, -3.93728200e-02, -2.26152541e-02, -2.26152541e-02,
       -2.03571896e-02,  0.00000000e+00, -9.09721101e-03, -1.66666667e-04,
       -8.95100069e-04, -6.25610948e-04, -1.66666667e-04, -8.57648099e-04,
       -2.77777778e-04,  0.00000000e+00,  0.00000000e+00,  0.00000000e+00,
        0.00000000e+00, -2.77777778e-04,  0.00000000e+00, -3.44827586e-04,
       -6.66666667e-04, -4.41185619e-03, -4.41185619e-03, -3.76584750e-03,
        0.00000000e+00, -9.65628633e-03, -3.56592728e-02, -2.26152541e-02,
        0.00000000e+00, -2.14029247e-02, -4.42569199e-03, -8.95100069e-04,
       -9.15431561e-04, -1.66666667e-04, -5.92850915e-04, -8.95100069e-04,
       -8.95100069e-04]), array([-0.04956667, -0.05368115, -0.05779517, -0.07578514, -0.05079744,
       -0.07578514, -0.04202338, -0.08392921, -0.05454787, -0.08238059,
       -0.04270863,  0.96226542, -0.04670718, -0.04929142, -0.03773458,
       -0.03567882, -0.05687504, -0.03567882, -0.03567882, -0.03567882,
       -0.04857714, -0.04887126, -0.03816583, -0.04794229, -0.03816583,
       -0.07620308, -0.05201633, -0.05201633, -0.06158452, -0.06158452,
       -0.04435351, -0.04435351, -0.05858843, -0.08434715, -0.06153362,
       -0.06008185,  0.96035149, -0.04657788, -0.04657788, -0.03698331,
       -0.03964851, -0.03964851, -0.05687504, -0.04941691, -0.03964851,
       -0.05687504, -0.05687504, -0.04062596, -0.04971103, -0.04971103,
       -0.06690324, -0.07251738, -0.06690324, -0.06690324, -0.06854503,
       -0.09376255,  0.95807245, -0.10190662, -0.07688589, -0.04295669,
       -0.09077566, -0.06087152, -0.06087152, -0.07845236, -0.06087152,
       -0.05157021, -0.03497247, -0.05157021, -0.05279124, -0.03497247,
       -0.06087152, -0.06333472,  0.96254052, -0.07999068, -0.05402635,
       -0.03788078, -0.07714863, -0.07714863, -0.07714863, -0.03727471,
       -0.06141088,  0.96272529, -0.0852927 , -0.06875432, -0.08374407,
       -0.05834411, -0.05917744, -0.05467381, -0.05467381, -0.04218161,
       -0.05823853, -0.05467381, -0.03039426, -0.05823853, -0.05823853,
       -0.04218161, -0.03105964, -0.03288127, -0.04315905, -0.05496793,
       -0.05781678, -0.07168893, -0.05166636, -0.05781678, -0.0362794 ,
       -0.05330816, -0.06215977, -0.06947478, -0.03727669,  0.96368388,
       -0.06309101, -0.03508545, -0.04700307, -0.0307812 , -0.0526282 ,
       -0.04700307, -0.0307812 , -0.04700307, -0.0526282 , -0.0526282 ,
       -0.04925921, -0.04789654, -0.04711034, -0.04711034, -0.05470705,
       -0.06563365, -0.04431874, -0.06563365, -0.0734809 ,  0.93436635,
       -0.06637962, -0.07374776,  0.95628732, -0.07374776,  0.92819754,
       -0.06212916, -0.06212916, -0.0367576 , -0.06212916, -0.07807931,
       -0.0367576 , -0.06212916, -0.05228168, -0.0367576 , -0.07807931,
       -0.05453782, -0.07807931,  0.94526218, -0.03924461, -0.06112467,
       -0.0596167 , -0.04879121, -0.03754895, -0.06895496, -0.06288522,
       -0.03694289, -0.0661888 ,  0.96305711, -0.03814426, -0.06937687,
       -0.05328033, -0.05328033, -0.04447191, -0.04952845, -0.02954953,
       -0.02954953, -0.0451598 , -0.04952845, -0.04645532, -0.0451598 ,
       -0.04749043, -0.04447191, -0.03230681, -0.05160731, -0.04545392,
       -0.06857801, -0.06857801, -0.06857801, -0.05531836, -0.06857801,
       -0.05806536, -0.07277927, -0.06617947, -0.03418852, -0.06617947,
       -0.03218551, -0.03218551, -0.04535955, -0.04535955, -0.04464526,
       -0.04464526, -0.04464526, -0.04329183, -0.02738332, -0.02765359,
       -0.04545716, -0.04565716, -0.04426928, -0.05092848, -0.04565716,
       -0.05682745, -0.05063092, -0.03592823, -0.06830693, -0.06057102,
       -0.05227271, -0.06868513, -0.06159025, -0.076451  , -0.03556297,
       -0.05729546, -0.05729546, -0.04723799, -0.04542135, -0.04719335,
       -0.04542135, -0.04542135, -0.04719335, -0.03002805,  0.95142146,
       -0.03000846, -0.04857854, -0.04994229, -0.04994229, -0.03278533,
       -0.03752317, -0.03752317, -0.06372487, -0.03691711, -0.03691711,
       -0.06101725, -0.07183899, -0.07709904,  0.93308586, -0.07235568,
       -0.05301644, -0.05301644, -0.0446417 , -0.04729498, -0.0446417 ,
       -0.04952845, -0.04489591, -0.04952845, -0.04489591, -0.0446417 ,
       -0.0446417 , -0.0446417 , -0.04853009, -0.05160731, -0.03228104,
       -0.05909549, -0.05051357, -0.05051357, -0.05909549, -0.05612807,
       -0.06857801, -0.06146941, -0.0614729 ,  0.9651852 , -0.05763858,
       -0.05650633, -0.05650633, -0.04545218, -0.04509566, -0.04438137,
       -0.04287078, -0.02800961, -0.02800961, -0.04287078, -0.04648729,
       -0.04438137, -0.04884962, -0.04668729, -0.04467549, -0.04668729,
       -0.06485632,  0.9515379 , -0.06067278, -0.06067278, -0.06190355,
       -0.07184746, -0.07297043, -0.05851997,  0.96087527, -0.07134797,
       -0.06110745, -0.04552799, -0.05295676, -0.03082126, -0.05295676,
       -0.04552799, -0.04552799, -0.04552799, -0.04243909, -0.04984615,
       -0.04552799, -0.04273321, -0.03357854, -0.04650544, -0.05004615,
       -0.06485632, -0.07184746, -0.06067278, -0.07184746, -0.07184746,
       -0.06485632, -0.03792335, -0.03792335,  0.94148003, -0.07524818,
       -0.06110745, -0.06177678, -0.04315338, -0.04881104, -0.03082126,
       -0.04552799, -0.04243909, -0.05295676, -0.04552799, -0.04243909,
       -0.05295676, -0.04552799, -0.05503561, -0.04273321, -0.04273321]))"
Rhinoceros sondaicus,0.038027906820303915,0.02001298899770445,-0.0011975516151968013,0.07725336525580463,0.05741195764202489,"(array([-6.19386882e-02, -9.63974794e-02, -1.15591299e-01, -6.59721296e-02,
       -9.63974794e-02, -6.59721296e-02, -6.19386882e-02, -6.19386882e-02,
       -6.59721296e-02, -6.19386882e-02, -1.15591299e-01, -6.19386882e-02,
       -1.06923539e-01, -9.63974794e-02,  9.03602521e-01, -6.70408077e-02,
       -7.15591382e-02,  9.28056246e-01,  9.27941102e-01,  9.27366591e-01,
       -1.08297163e-01, -1.08297163e-01,  9.27941102e-01, -7.20588976e-02,
       -1.15591299e-01, -6.59721296e-02, -6.59721296e-02, -9.63974794e-02,
       -1.04780682e-01, -1.12998706e-01, -1.12998706e-01, -1.12998706e-01,
       -9.63974794e-02, -6.19386882e-02, -9.63974794e-02, -1.04780682e-01,
       -6.59721296e-02, -6.59721296e-02, -1.04780682e-01, -1.12998706e-01,
       -1.00267672e-01, -1.03783357e-01, -7.20588976e-02, -1.04780682e-01,
       -1.04780682e-01, -7.26334088e-02, -7.20588976e-02, -1.08297163e-01,
       -7.28374904e-02, -1.12998706e-01,  0.00000000e+00,  0.00000000e+00,
        0.00000000e+00,  0.00000000e+00,  0.00000000e+00,  0.00000000e+00,
        0.00000000e+00,  0.00000000e+00,  0.00000000e+00,  0.00000000e+00,
        0.00000000e+00,  0.00000000e+00,  0.00000000e+00,  0.00000000e+00,
        0.00000000e+00,  0.00000000e+00, -6.17049556e-03, -5.97162401e-03,
       -1.01202094e-02, -1.01202094e-02,  0.00000000e+00, -1.18996835e-02,
        0.00000000e+00, -1.01202094e-02, -6.86536082e-03,  0.00000000e+00,
        0.00000000e+00,  0.00000000e+00,  0.00000000e+00,  0.00000000e+00,
        0.00000000e+00,  0.00000000e+00,  0.00000000e+00,  0.00000000e+00,
        0.00000000e+00,  0.00000000e+00,  0.00000000e+00,  0.00000000e+00,
       -6.66666667e-04, -5.10211949e-03,  0.00000000e+00, -7.38587807e-03,
       -1.01202094e-02, -1.01202094e-02, -6.66127918e-03, -1.18996835e-02,
        0.00000000e+00,  0.00000000e+00, -1.18996835e-02, -1.18996835e-02,
        0.00000000e+00,  0.00000000e+00,  0.00000000e+00,  0.00000000e+00,
        0.00000000e+00,  0.00000000e+00,  0.00000000e+00,  0.00000000e+00,
        0.00000000e+00,  0.00000000e+00,  0.00000000e+00,  0.00000000e+00,
        0.00000000e+00,  0.00000000e+00, -5.10211949e-03,  0.00000000e+00,
       -6.17049556e-03, -1.01202094e-02,  0.00000000e+00, -6.66127918e-03,
        0.00000000e+00, -1.18996835e-02,  0.00000000e+00,  0.00000000e+00,
       -6.86536082e-03,  0.00000000e+00,  0.00000000e+00,  0.00000000e+00,
        0.00000000e+00,  0.00000000e+00,  0.00000000e+00,  0.00000000e+00,
        0.00000000e+00,  0.00000000e+00,  0.00000000e+00,  0.00000000e+00,
        0.00000000e+00,  0.00000000e+00,  0.00000000e+00,  0.00000000e+00,
        0.00000000e+00,  0.00000000e+00,  0.00000000e+00,  0.00000000e+00,
        0.00000000e+00,  0.00000000e+00,  0.00000000e+00,  0.00000000e+00,
        0.00000000e+00, -2.04081633e-04,  0.00000000e+00,  0.00000000e+00,
        0.00000000e+00,  0.00000000e+00,  0.00000000e+00,  0.00000000e+00,
        0.00000000e+00,  0.00000000e+00,  0.00000000e+00,  0.00000000e+00,
        0.00000000e+00,  0.00000000e+00,  0.00000000e+00,  0.00000000e+00,
        0.00000000e+00,  0.00000000e+00,  0.00000000e+00,  0.00000000e+00,
        0.00000000e+00,  0.00000000e+00,  0.00000000e+00,  0.00000000e+00,
       -2.04081633e-04, -2.04081633e-04,  0.00000000e+00,  0.00000000e+00,
        0.00000000e+00,  0.00000000e+00,  0.00000000e+00,  0.00000000e+00,
        0.00000000e+00,  0.00000000e+00,  0.00000000e+00,  0.00000000e+00,
        0.00000000e+00,  0.00000000e+00,  0.00000000e+00,  0.00000000e+00,
        0.00000000e+00,  0.00000000e+00,  0.00000000e+00,  0.00000000e+00,
        0.00000000e+00,  0.00000000e+00,  0.00000000e+00,  0.00000000e+00,
        0.00000000e+00,  0.00000000e+00,  0.00000000e+00,  0.00000000e+00,
        0.00000000e+00,  0.00000000e+00,  0.00000000e+00,  0.00000000e+00,
        0.00000000e+00,  0.00000000e+00,  0.00000000e+00,  0.00000000e+00,
        0.00000000e+00,  0.00000000e+00,  0.00000000e+00,  0.00000000e+00,
        0.00000000e+00,  0.00000000e+00,  0.00000000e+00,  0.00000000e+00,
        0.00000000e+00,  0.00000000e+00,  0.00000000e+00,  0.00000000e+00,
        0.00000000e+00,  0.00000000e+00, -2.04081633e-04,  0.00000000e+00,
        0.00000000e+00,  0.00000000e+00,  0.00000000e+00,  0.00000000e+00,
        0.00000000e+00,  0.00000000e+00,  0.00000000e+00,  0.00000000e+00,
        0.00000000e+00,  0.00000000e+00,  0.00000000e+00,  0.00000000e+00,
        0.00000000e+00,  0.00000000e+00,  0.00000000e+00,  0.00000000e+00,
        0.00000000e+00,  0.00000000e+00,  0.00000000e+00,  0.00000000e+00,
        0.00000000e+00,  0.00000000e+00,  0.00000000e+00,  0.00000000e+00,
        0.00000000e+00,  0.00000000e+00,  0.00000000e+00,  0.00000000e+00,
        0.00000000e+00,  0.00000000e+00,  0.00000000e+00,  0.00000000e+00,
        0.00000000e+00,  0.00000000e+00,  0.00000000e+00,  0.00000000e+00,
        0.00000000e+00,  0.00000000e+00,  0.00000000e+00,  0.00000000e+00,
        0.00000000e+00,  0.00000000e+00,  0.00000000e+00,  0.00000000e+00,
        0.00000000e+00,  0.00000000e+00,  0.00000000e+00,  0.00000000e+00,
        0.00000000e+00,  0.00000000e+00,  0.00000000e+00,  0.00000000e+00,
        0.00000000e+00,  0.00000000e+00,  0.00000000e+00,  0.00000000e+00,
        0.00000000e+00,  0.00000000e+00,  0.00000000e+00,  0.00000000e+00,
        0.00000000e+00,  0.00000000e+00,  0.00000000e+00,  0.00000000e+00,
        0.00000000e+00,  0.00000000e+00,  0.00000000e+00,  0.00000000e+00,
        0.00000000e+00,  0.00000000e+00,  0.00000000e+00,  0.00000000e+00,
        0.00000000e+00, -2.04081633e-04,  0.00000000e+00,  0.00000000e+00,
        0.00000000e+00,  0.00000000e+00,  0.00000000e+00,  0.00000000e+00,
        0.00000000e+00,  0.00000000e+00,  0.00000000e+00,  0.00000000e+00,
        0.00000000e+00,  0.00000000e+00,  0.00000000e+00,  0.00000000e+00,
        0.00000000e+00,  0.00000000e+00,  0.00000000e+00,  0.00000000e+00,
        0.00000000e+00,  0.00000000e+00,  0.00000000e+00,  0.00000000e+00,
        0.00000000e+00,  0.00000000e+00, -2.04081633e-04,  0.00000000e+00,
        0.00000000e+00,  0.00000000e+00,  0.00000000e+00,  0.00000000e+00,
        0.00000000e+00,  0.00000000e+00,  0.00000000e+00,  0.00000000e+00,
        0.00000000e+00,  0.00000000e+00,  0.00000000e+00,  0.00000000e+00,
        0.00000000e+00,  0.00000000e+00,  0.00000000e+00,  0.00000000e+00,
        0.00000000e+00,  0.00000000e+00,  0.00000000e+00,  0.00000000e+00,
        0.00000000e+00,  0.00000000e+00,  0.00000000e+00,  0.00000000e+00,
        0.00000000e+00, -2.04081633e-04,  0.00000000e+00,  0.00000000e+00,
        0.00000000e+00,  0.00000000e+00,  0.00000000e+00,  0.00000000e+00,
        0.00000000e+00,  0.00000000e+00,  0.00000000e+00,  0.00000000e+00,
        0.00000000e+00,  0.00000000e+00,  0.00000000e+00,  0.00000000e+00,
        0.00000000e+00,  0.00000000e+00,  0.00000000e+00,  0.00000000e+00,
        0.00000000e+00,  0.00000000e+00,  0.00000000e+00,  0.00000000e+00,
        0.00000000e+00,  0.00000000e+00,  0.00000000e+00,  0.00000000e+00,
        0.00000000e+00,  0.00000000e+00,  0.00000000e+00,  0.00000000e+00,
        0.00000000e+00,  0.00000000e+00,  0.00000000e+00,  0.00000000e+00,
        0.00000000e+00,  0.00000000e+00,  0.00000000e+00,  0.00000000e+00,
        0.00000000e+00,  0.00000000e+00,  0.00000000e+00,  0.00000000e+00,
        0.00000000e+00,  0.00000000e+00,  0.00000000e+00,  0.00000000e+00,
        0.00000000e+00,  0.00000000e+00,  0.00000000e+00,  0.00000000e+00,
        0.00000000e+00,  0.00000000e+00,  0.00000000e+00,  0.00000000e+00,
        0.00000000e+00,  0.00000000e+00,  0.00000000e+00,  0.00000000e+00,
        0.00000000e+00,  0.00000000e+00,  0.00000000e+00,  0.00000000e+00,
        0.00000000e+00,  0.00000000e+00,  0.00000000e+00,  0.00000000e+00,
        0.00000000e+00,  0.00000000e+00,  0.00000000e+00,  0.00000000e+00,
        0.00000000e+00,  0.00000000e+00, -2.04081633e-04, -2.04081633e-04,
        0.00000000e+00,  0.00000000e+00,  0.00000000e+00,  0.00000000e+00,
        0.00000000e+00,  0.00000000e+00,  0.00000000e+00,  0.00000000e+00,
        0.00000000e+00,  0.00000000e+00,  0.00000000e+00,  0.00000000e+00,
        0.00000000e+00,  0.00000000e+00,  0.00000000e+00,  0.00000000e+00,
        0.00000000e+00,  0.00000000e+00,  0.00000000e+00,  0.00000000e+00,
        0.00000000e+00,  0.00000000e+00,  0.00000000e+00,  0.00000000e+00,
        0.00000000e+00,  0.00000000e+00,  0.00000000e+00,  0.00000000e+00,
        0.00000000e+00,  0.00000000e+00,  0.00000000e+00,  0.00000000e+00,
        0.00000000e+00,  0.00000000e+00,  0.00000000e+00,  0.00000000e+00,
        0.00000000e+00,  0.00000000e+00,  0.00000000e+00,  0.00000000e+00,
        0.00000000e+00,  0.00000000e+00,  0.00000000e+00,  0.00000000e+00,
        0.00000000e+00,  0.00000000e+00,  0.00000000e+00,  0.00000000e+00,
       -2.04081633e-04,  0.00000000e+00,  0.00000000e+00,  0.00000000e+00,
        0.00000000e+00,  0.00000000e+00,  0.00000000e+00,  0.00000000e+00,
        0.00000000e+00,  0.00000000e+00,  0.00000000e+00,  0.00000000e+00,
        0.00000000e+00,  0.00000000e+00,  0.00000000e+00,  0.00000000e+00,
        0.00000000e+00,  0.00000000e+00,  0.00000000e+00,  0.00000000e+00,
        0.00000000e+00,  0.00000000e+00,  0.00000000e+00,  0.00000000e+00,
        0.00000000e+00,  0.00000000e+00,  0.00000000e+00,  0.00000000e+00,
        0.00000000e+00,  0.00000000e+00,  0.00000000e+00,  0.00000000e+00,
        0.00000000e+00,  0.00000000e+00,  0.00000000e+00,  0.00000000e+00,
        0.00000000e+00,  0.00000000e+00,  0.00000000e+00,  0.00000000e+00,
        0.00000000e+00,  0.00000000e+00,  0.00000000e+00,  0.00000000e+00,
        0.00000000e+00,  0.00000000e+00,  0.00000000e+00,  0.00000000e+00,
        0.00000000e+00,  0.00000000e+00,  0.00000000e+00, -2.04081633e-04,
        0.00000000e+00,  0.00000000e+00,  0.00000000e+00,  0.00000000e+00,
        0.00000000e+00,  0.00000000e+00,  0.00000000e+00,  0.00000000e+00,
        0.00000000e+00,  0.00000000e+00,  0.00000000e+00,  0.00000000e+00,
        0.00000000e+00,  0.00000000e+00,  0.00000000e+00,  0.00000000e+00,
        0.00000000e+00,  0.00000000e+00,  0.00000000e+00,  0.00000000e+00,
        0.00000000e+00,  0.00000000e+00,  0.00000000e+00, -2.04081633e-04,
        0.00000000e+00,  0.00000000e+00,  0.00000000e+00,  0.00000000e+00,
        0.00000000e+00,  0.00000000e+00,  0.00000000e+00,  0.00000000e+00,
        0.00000000e+00,  0.00000000e+00,  0.00000000e+00,  0.00000000e+00,
        0.00000000e+00,  0.00000000e+00,  0.00000000e+00,  0.00000000e+00,
        0.00000000e+00,  0.00000000e+00,  0.00000000e+00,  0.00000000e+00,
        0.00000000e+00,  0.00000000e+00,  0.00000000e+00,  0.00000000e+00,
        0.00000000e+00,  0.00000000e+00, -2.04081633e-04,  0.00000000e+00,
        0.00000000e+00,  0.00000000e+00,  0.00000000e+00,  0.00000000e+00,
        0.00000000e+00,  0.00000000e+00,  0.00000000e+00,  0.00000000e+00,
        0.00000000e+00,  0.00000000e+00,  0.00000000e+00,  0.00000000e+00,
        0.00000000e+00,  0.00000000e+00,  0.00000000e+00,  0.00000000e+00,
        0.00000000e+00,  0.00000000e+00,  0.00000000e+00,  0.00000000e+00,
        0.00000000e+00, -2.04081633e-04, -2.04081633e-04,  0.00000000e+00,
        0.00000000e+00,  0.00000000e+00,  0.00000000e+00,  0.00000000e+00,
        0.00000000e+00,  0.00000000e+00,  0.00000000e+00,  0.00000000e+00,
        0.00000000e+00,  0.00000000e+00,  0.00000000e+00,  0.00000000e+00,
        0.00000000e+00,  0.00000000e+00,  0.00000000e+00,  0.00000000e+00,
        0.00000000e+00,  0.00000000e+00,  0.00000000e+00,  0.00000000e+00,
        0.00000000e+00,  0.00000000e+00,  0.00000000e+00,  0.00000000e+00,
        0.00000000e+00]), array([ 0.85996469, -0.16774727, -0.15345351, -0.14674745, -0.16616832,
       -0.14674745, -0.15748649, -0.15748649, -0.16488602, -0.13975177,
       -0.15695586, -0.14080946, -0.13725497, -0.16675748, -0.16675748,
       -0.1380793 , -0.13831314, -0.13831314,  0.86398889,  0.86168686,
       -0.16201807, -0.16201807,  0.86398889, -0.13601111, -0.14357877,
       -0.13316352, -0.13316352, -0.14578193, -0.12775611, -0.14316441,
       -0.14316441, -0.15100216, -0.15993187, -0.13858191, -0.13854727,
       -0.13168572, -0.12469798, -0.12186198, -0.12854442, -0.13449286,
       -0.13494422, -0.13537415, -0.11804009, -0.12431079, -0.12431079,
       -0.11973048, -0.11804009, -0.13810059, -0.11973048, -0.12980175,
        0.85691404, -0.16558959, -0.16401065, -0.14000322, -0.13930687,
       -0.15333273, -0.16300773, -0.1597589 , -0.18128911,  0.86279884,
       -0.15678958, -0.14116437, -0.16112792, -0.14693145, -0.16503263,
       -0.13537358, -0.13832794, -0.13453516,  0.86167206, -0.13832794,
       -0.14320873, -0.16216139,  0.85679127, -0.13832794,  0.86546484,
        0.85996469, -0.15837713, -0.15635364, -0.15635364, -0.13774995,
       -0.16913471, -0.16523666,  0.83476334,  0.84251351, -0.13975177,
       -0.14247119, -0.15985599, -0.16581916,  0.86086683, -0.1380793 ,
       -0.14620722, -0.16498445, -0.13601111,  0.86398889, -0.13931628,
       -0.16498445, -0.13350798,  0.86649202, -0.16771089, -0.16771089,
       -0.13085803, -0.14808803, -0.14874832, -0.13258241, -0.12004081,
       -0.14874832, -0.16289826,  0.85112357,  0.86141809, -0.14964198,
       -0.14943529, -0.12570112, -0.12914391,  0.87783697, -0.11900277,
       -0.125648  , -0.11804009, -0.11804009, -0.13341921, -0.12073362,
       -0.125648  , -0.13834054, -0.125648  , -0.125648  , -0.12073362,
        0.85823207,  0.85414278, -0.14000322, -0.16401065, -0.14000322,
       -0.16401065, -0.16372734, -0.16372734, -0.15820219,  0.83688066,
       -0.15766641,  0.85794277, -0.14480345, -0.16702405,  0.86374217,
       -0.14381389, -0.13482842,  0.86373356, -0.13626644, -0.14372396,
       -0.14408557, -0.13626644,  0.86373356, -0.14408557,  0.86517158,
        0.8478939 ,  0.85969371, -0.15052185, -0.14297182, -0.15052185,
       -0.15809104, -0.18768868,  0.83133958,  0.83302593, -0.14807435,
       -0.16781058,  0.83218942, -0.14255747,  0.84674525,  0.86401088,
        0.85478555, -0.16466574, -0.14314626, -0.13960955,  0.86559916,
       -0.13440084, -0.13440084,  0.86039045, -0.13960955, -0.14837353,
       -0.13416666, -0.12489091, -0.12260554, -0.14874832, -0.12909332,
       -0.13258241, -0.15563968,  0.85885336,  0.85112357, -0.15137938,
       -0.12567177, -0.13391579, -0.14262965,  0.85980798, -0.14450395,
       -0.12337335, -0.13802183, -0.13531384, -0.12194394, -0.12194394,
       -0.1225181 , -0.13459651, -0.12654086, -0.12654086, -0.1225181 ,
       -0.14081368,  0.85918632, -0.13758013, -0.14293946, -0.13203928,
       -0.13923473,  0.84131767, -0.16327082, -0.15475732, -0.14930549,
       -0.14621735,  0.85378265, -0.13635922, -0.1375164 , -0.13373349,
        0.86763518, -0.12855213,  0.87144787, -0.13335383, -0.13550062,
       -0.1326365 , -0.13550062, -0.13687161, -0.13550062, -0.13550062,
       -0.14474765,  0.85525235, -0.14880508, -0.14880508, -0.1431634 ,
       -0.14818215,  0.84016904, -0.15106107, -0.15106107, -0.14081352,
       -0.15212847,  0.86389958, -0.13756215, -0.1421082 ,  0.87017279,
        0.86137222, -0.13674759, -0.12823893, -0.13674759, -0.13743441,
       -0.13461423, -0.12823893, -0.13789953, -0.13789953, -0.13789953,
       -0.13115532, -0.14023512, -0.13865618, -0.12476597, -0.12032576,
       -0.12476597,  0.85421419, -0.14578581, -0.14561104, -0.14033398,
       -0.13532763,  0.86467237, -0.11579632, -0.11579632, -0.11302516,
       -0.11859231, -0.11436691, -0.11215823, -0.11029883, -0.12332343,
       -0.12332343, -0.11886399, -0.11886399, -0.12604987, -0.11886399,
       -0.11953701, -0.14297713, -0.11600523, -0.11600523, -0.11540091,
       -0.12848846,  0.85522054, -0.14227033, -0.14227033, -0.13932764,
       -0.11957554, -0.13431494, -0.11678308, -0.13249236, -0.11624614,
       -0.11624614, -0.11262623, -0.11877239, -0.10918133, -0.10918133,
       -0.12544282, -0.11262623, -0.11814017, -0.11309134, -0.11309134,
       -0.11992578, -0.11992578, -0.10751316, -0.11833806, -0.10751316,
       -0.10751316,  0.86820351, -0.13179649, -0.14576498, -0.11212363,
       -0.12220619, -0.12220619, -0.10404599, -0.11359549, -0.09547381,
       -0.11215688, -0.11227145, -0.09585843, -0.10872901, -0.11227145,
       -0.10112112, -0.10112112, -0.11253038,  0.90414157, -0.09585843,
       -0.12276404, -0.12276404, -0.12023624, -0.12023624, -0.11579553,
       -0.14090516,  0.85997253,  0.86048574,  0.86048574, -0.13816933,
       -0.13316298,  0.88378241, -0.12997483, -0.11359766, -0.12997483,
       -0.11924743, -0.1076739 , -0.11085017, -0.12479346, -0.12023644,
       -0.12479346, -0.11242719, -0.11085017, -0.11085017, -0.11242719,
       -0.13094094, -0.14386772, -0.12492449, -0.12492449, -0.12492449,
       -0.12492449, -0.1445971 , -0.14477946,  0.85897986, -0.12716513,
       -0.1190064 ,  0.88157934, -0.11842066, -0.11690593, -0.11585206,
       -0.1193045 , -0.12588488, -0.11223214, -0.11877239, -0.11877239,
       -0.1178751 , -0.10793115, -0.12861132, -0.10793115, -0.11269725,
       -0.12001135, -0.11274064, -0.1184271 , -0.12527945, -0.12527945,
       -0.10751316,  0.86544373, -0.13455627, -0.13841813, -0.11310916,
       -0.11750773, -0.10550192, -0.11461345, -0.10404599, -0.11461345,
       -0.10299212, -0.11129465, -0.11129465, -0.1107732 , -0.09585843,
       -0.10801168, -0.11103212, -0.11402109, -0.10801168, -0.10158624,
       -0.12062664, -0.136753  , -0.11886194, -0.11378046, -0.12778933,
       -0.12965868,  0.84986485,  0.86458554,  0.86458554, -0.11899956,
       -0.11886704, -0.11899956, -0.12386015, -0.1287809 , -0.1118825 ,
       -0.1118825 , -0.10915617, -0.12175915, -0.12359953, -0.10915617,
       -0.10915617, -0.12175915, -0.11782908, -0.11782908, -0.1112122 ,
       -0.12384416, -0.12384416, -0.14209327, -0.11644342, -0.11662149,
       -0.11644342, -0.14033389, -0.14033389,  0.85806748, -0.13787019,
       -0.13656035, -0.11783326, -0.12340574, -0.11118001, -0.11362122,
       -0.11007829, -0.1100013 , -0.1103768 , -0.12040035, -0.1100013 ,
       -0.1103768 , -0.1103768 , -0.11968302, -0.11046642,  0.8896232 ,
       -0.12152613, -0.11253497, -0.10706694, -0.11077027, -0.12317587,
       -0.12317587,  0.8703886 , -0.1296114 ,  0.86327843, -0.11667731,
       -0.11667731, -0.11667731, -0.11549463, -0.10064836, -0.09799887,
       -0.11549463, -0.11070666, -0.11567612, -0.09838349, -0.10081501,
       -0.09838349,  0.88929334, -0.11624755, -0.10128012, -0.11186192,
       -0.13955318, -0.13955318, -0.11446569, -0.12235075, -0.11446569,
       -0.12838524,  0.85785802, -0.14578581,  0.85563915, -0.13207941,
       -0.13532763, -0.11806009, -0.12258671, -0.11160101, -0.13009423,
       -0.11237213, -0.1242462 , -0.1242462 , -0.11094272, -0.10940717,
       -0.10895152, -0.10940717, -0.10987228, -0.12697264, -0.10987228,
       -0.11540154, -0.11540154, -0.13622267, -0.11363683, -0.13622267,
       -0.1242079 , -0.14533595, -0.14388051,  0.84395347, -0.14266593,
       -0.13298056, -0.12300706, -0.12627457, -0.12627457, -0.11879502,
       -0.12112167, -0.10851898, -0.11517511, -0.11687373, -0.11687373,
       -0.12404847, -0.12404847, -0.11564022, -0.11687373,  0.89148102,
       -0.11899505, -0.11112943, -0.11766767, -0.1255761 , -0.1174108 ,
       -0.1174108 , -0.13740183,  0.86259817,  0.87179393, -0.12961641,
       -0.12271816, -0.11769753, -0.10926291, -0.10926291, -0.10926291,
       -0.09411901, -0.09857069, -0.11172688, -0.10924098, -0.11172688,
       -0.09857069, -0.11172688, -0.11001582, -0.09903581, -0.09450363,
       -0.12237642, -0.12346846, -0.12061171, -0.13904744, -0.12838524,
       -0.13904744, -0.14578581,  0.85421419,  0.86051217, -0.14033398,
       -0.13315262, -0.13315262, -0.13116744, -0.11403777, -0.13116744,
       -0.11048767, -0.1253194 , -0.11048767, -0.10925756, -0.11047617,
       -0.11886399, -0.11048767, -0.11048767, -0.11886399, -0.1110476 ,
       -0.11745413, -0.11745413, -0.12124351, -0.11623823, -0.11623823,
       -0.11623823, -0.14089769,  0.87009463,  0.8663612 , -0.12818698,
       -0.11047182, -0.11633302, -0.10327502, -0.1096745 , -0.11505968,
       -0.102141  , -0.10154543, -0.10781155, -0.10193005, -0.10781155,
       -0.10027   , -0.1158126 , -0.1158126 , -0.1158126 , -0.10709422,
       -0.1305893 , -0.12346846, -0.12188421, -0.12188421, -0.12061171,
       -0.12188421, -0.13948783,  0.8411287 ,  0.85478021, -0.13315262,
       -0.11774356, -0.11317891, -0.12202069, -0.11190558, -0.13116744,
       -0.11190558, -0.10925756, -0.10925756, -0.11048767, -0.1253194 ,
       -0.11829797, -0.11829797, -0.12804584, -0.10972268, -0.10972268]))"
Turdoides striata,0.019795918613824588,0.014076187069729431,-0.007793408042845097,0.04738524527049427,0.15962289903993732,"(array([-0.62241373, -0.67854811,  0.44459069, ...,  0.17582262,
        0.20850167,  0.18387636], shape=(15700,)), array([-0.06119735, -0.03729412, -0.06185779, ..., -0.01312877,
       -0.01086448, -0.01769282], shape=(15700,)))"
